﻿12345, Generic Headphones, 84.99, bluetooth headphones with fair battery life and a 1 month warranty
12346, Expensive Headphones, 149.99, bluetooth headphones with good battery life and a 6 month warranty
12347, Name Brand Headphones, 199.99, bluetooth headphones with good battery life and a 12 month warranty
12348, Generic Wireless Mouse, 39.99, simple bluetooth pointing device
12349, Logitach Mouse and Keyboard, 73.99, mouse and keyboard wired combination
12350, Logitach Wireless Mouse, 149.99, quality wireless mouse